'http://www.snapdeal.com/product/avonzz-water-tank-overflow-alarm/637406203854#bcrumbLabelId:790',,http://www.snapdeal.com/products/kitchen-bathroom-fittings-electrical-equipment/?q=Type_s%3AWires%7C&sort=plrty
'http://www.snapdeal.com/product/finolex-house-wire-15-sqmm/1019595874#bcrumbLabelId:790',,http://www.snapdeal.com/products/kitchen-bathroom-fittings-electrical-equipment/?q=Type_s%3AWires%7C&sort=plrty
'http://www.snapdeal.com/product/avonzz-water-tank-overflow-alarm/645281828503#bcrumbLabelId:790',,http://www.snapdeal.com/products/kitchen-bathroom-fittings-electrical-equipment/?q=Type_s%3AWires%7C&sort=plrty
'http://www.snapdeal.com/product/havells-pvc-insulated-single-core/1521544281#bcrumbLabelId:790',,http://www.snapdeal.com/products/kitchen-bathroom-fittings-electrical-equipment/?q=Type_s%3AWires%7C&sort=plrty
'http://www.snapdeal.com/product/havells-red-pvc-insulated-cable/660917922395#bcrumbLabelId:790',,http://www.snapdeal.com/products/kitchen-bathroom-fittings-electrical-equipment/?q=Type_s%3AWires%7C&sort=plrty
'http://www.snapdeal.com/product/avonzz-water-tank-overflow-alarm/641697439895#bcrumbLabelId:790',,http://www.snapdeal.com/products/kitchen-bathroom-fittings-electrical-equipment/?q=Type_s%3AWires%7C&sort=plrty
'http://www.snapdeal.com/product/kalinga-gold-cu-flex-red/1654014193#bcrumbLabelId:790',,http://www.snapdeal.com/products/kitchen-bathroom-fittings-electrical-equipment/?q=Type_s%3AWires%7C&sort=plrty
'http://www.snapdeal.com/product/cona-white-cordless-wireless-door/1200466126#bcrumbLabelId:790,,http://www.snapdeal.com/products/kitchen-bathroom-fittings-electrical-equipment/?q=Type_s%3AWires%7C&sort=plrty
'http://www.snapdeal.com/product/finolex-house-wire-10-sqmm/1552280030#bcrumbLabelId:790',,http://www.snapdeal.com/products/kitchen-bathroom-fittings-electrical-equipment/?q=Type_s%3AWires%7C&sort=plrty
'http://www.snapdeal.com/product/kundan-cab-15-sqmm-house/624527161178#bcrumbLabelId:790',,http://www.snapdeal.com/products/kitchen-bathroom-fittings-electrical-equipment/?q=Type_s%3AWires%7C&sort=plrty
'http://www.snapdeal.com/product/kalinga-gold-cu-flex-blue/2060947837#bcrumbLabelId:790',,http://www.snapdeal.com/products/kitchen-bathroom-fittings-electrical-equipment/?q=Type_s%3AWires%7C&sort=plrty
'http://www.snapdeal.com/product/kundan-cab-15-sqmm-house/666282232513#bcrumbLabelId:790',,http://www.snapdeal.com/products/kitchen-bathroom-fittings-electrical-equipment/?q=Type_s%3AWires%7C&sort=plrty
'http://www.snapdeal.com/product/finolex-1mm-fr-house-wire/661781838656#bcrumbLabelId:790',,http://www.snapdeal.com/products/kitchen-bathroom-fittings-electrical-equipment/?q=Type_s%3AWires%7C&sort=plrty
'http://www.snapdeal.com/product/finolex-cables-15-sqmm-fr/674365351410#bcrumbLabelId:790',,http://www.snapdeal.com/products/kitchen-bathroom-fittings-electrical-equipment/?q=Type_s%3AWires%7C&sort=plrty
'http://www.snapdeal.com/product/kundan-cab-60-sqmm-house/637043724926#bcrumbLabelId:790',,http://www.snapdeal.com/products/kitchen-bathroom-fittings-electrical-equipment/?q=Type_s%3AWires%7C&sort=plrty
'http://www.snapdeal.com/product/finolex-house-wire-4-sqmm/1067474040#bcrumbLabelId:790',,http://www.snapdeal.com/products/kitchen-bathroom-fittings-electrical-equipment/?q=Type_s%3AWires%7C&sort=plrty
'http://www.snapdeal.com/product/finolex-house-wire-10-sqmm/1976374918#bcrumbLabelId:790',,http://www.snapdeal.com/products/kitchen-bathroom-fittings-electrical-equipment/?q=Type_s%3AWires%7C&sort=plrty
'http://www.snapdeal.com/product/kundan-blue-pvc-25mm-electrical/680457048355#bcrumbLabelId:790',,http://www.snapdeal.com/products/kitchen-bathroom-fittings-electrical-equipment/?q=Type_s%3AWires%7C&sort=plrty
'http://www.snapdeal.com/product/kundan-cab-25-sqmm-house/628169199429#bcrumbLabelId:790',,http://www.snapdeal.com/products/kitchen-bathroom-fittings-electrical-equipment/?q=Type_s%3AWires%7C&sort=plrty
'http://www.snapdeal.com/product/havells-pvc-insulated-single-core/619971489#bcrumbLabelId:790',,http://www.snapdeal.com/products/kitchen-bathroom-fittings-electrical-equipment/?q=Type_s%3AWires%7C&sort=plrty
'http://www.snapdeal.com/product/finolex-house-wire-4-sqmm/1789318843#bcrumbLabelId:790',,http://www.snapdeal.com/products/kitchen-bathroom-fittings-electrical-equipment/?q=Type_s%3AWires%7C&sort=plrty
'http://www.snapdeal.com/product/finolex-house-wire-25-sqmm/380312764#bcrumbLabelId:790',,http://www.snapdeal.com/products/kitchen-bathroom-fittings-electrical-equipment/?q=Type_s%3AWires%7C&sort=plrty
'http://www.snapdeal.com/product/kundan-cab-25-sqmm-house/682826866842#bcrumbLabelId:790',,http://www.snapdeal.com/products/kitchen-bathroom-fittings-electrical-equipment/?q=Type_s%3AWires%7C&sort=plrty
'http://www.snapdeal.com/product/finolex-house-wire-25-sqmm/763610241#bcrumbLabelId:790,,http://www.snapdeal.com/products/kitchen-bathroom-fittings-electrical-equipment/?q=Type_s%3AWires%7C&sort=plrty
'http://www.snapdeal.com/product/finolex-25mm-fr-house-wire/686058814444#bcrumbLabelId:790',,http://www.snapdeal.com/products/kitchen-bathroom-fittings-electrical-equipment/?q=Type_s%3AWires%7C&sort=plrty
'http://www.snapdeal.com/product/kundan-cab-10-sqmm-house/646467159170#bcrumbLabelId:790',,http://www.snapdeal.com/products/kitchen-bathroom-fittings-electrical-equipment/?q=Type_s%3AWires%7C&sort=plrty
'http://www.snapdeal.com/product/rr-kabel-pvc-insulated-single/1301891775#bcrumbLabelId:790',,http://www.snapdeal.com/products/kitchen-bathroom-fittings-electrical-equipment/?q=Type_s%3AWires%7C&sort=plrty
'http://www.snapdeal.com/product/havells-yellow-90-mtr-pvc/1677278281#bcrumbLabelId:790',,http://www.snapdeal.com/products/kitchen-bathroom-fittings-electrical-equipment/?q=Type_s%3AWires%7C&sort=plrty
'http://www.snapdeal.com/product/havells-pvc-insulated-single-core/548995836#bcrumbLabelId:790',,http://www.snapdeal.com/products/kitchen-bathroom-fittings-electrical-equipment/?q=Type_s%3AWires%7C&sort=plrty
'http://www.snapdeal.com/product/greatwhite-triple-layer-securex-fire/623793113737#bcrumbLabelId:790',,http://www.snapdeal.com/products/kitchen-bathroom-fittings-electrical-equipment/?q=Type_s%3AWires%7C&sort=plrty
'http://www.snapdeal.com/product/champion-plus-25mm-copper-wire/625845277096#bcrumbLabelId:790',,http://www.snapdeal.com/products/kitchen-bathroom-fittings-electrical-equipment/?q=Type_s%3AWires%7C&sort=plrty
'http://www.snapdeal.com/product/champion-plus-4mm-copper-wire/637916930159#bcrumbLabelId:790',,http://www.snapdeal.com/products/kitchen-bathroom-fittings-electrical-equipment/?q=Type_s%3AWires%7C&sort=plrty
'http://www.snapdeal.com/product/havells-red-pvc-insulated-cable/638263150925#bcrumbLabelId:790',,http://www.snapdeal.com/products/kitchen-bathroom-fittings-electrical-equipment/?q=Type_s%3AWires%7C&sort=plrty
'http://www.snapdeal.com/product/greatwhite-triple-layer-securex-fire/648027553789#bcrumbLabelId:790',,http://www.snapdeal.com/products/kitchen-bathroom-fittings-electrical-equipment/?q=Type_s%3AWires%7C&sort=plrty
'http://www.snapdeal.com/product/havells-pvc-insulated-single-core/661310792167#bcrumbLabelId:790',,http://www.snapdeal.com/products/kitchen-bathroom-fittings-electrical-equipment/?q=Type_s%3AWires%7C&sort=plrty
'http://www.snapdeal.com/product/finolex-house-wire-6-sqmm/683448067#bcrumbLabelId:790,,http://www.snapdeal.com/products/kitchen-bathroom-fittings-electrical-equipment/?q=Type_s%3AWires%7C&sort=plrty
'http://www.snapdeal.com/product/finolex-25-sq-mm-fr/623448266044#bcrumbLabelId:790',,http://www.snapdeal.com/products/kitchen-bathroom-fittings-electrical-equipment/?q=Type_s%3AWires%7C&sort=plrty
'http://www.snapdeal.com/product/finolex-house-wire-15-sqmm/764529993#bcrumbLabelId:790',,http://www.snapdeal.com/products/kitchen-bathroom-fittings-electrical-equipment/?q=Type_s%3AWires%7C&sort=plrty
'http://www.snapdeal.com/product/orbit-1-sqmm-90-mtr/1171981067#bcrumbLabelId:790',,http://www.snapdeal.com/products/kitchen-bathroom-fittings-electrical-equipment/?q=Type_s%3AWires%7C&sort=plrty
'http://www.snapdeal.com/product/finolex-house-wire-25-sqmm/1392458845#bcrumbLabelId:790',,http://www.snapdeal.com/products/kitchen-bathroom-fittings-electrical-equipment/?q=Type_s%3AWires%7C&sort=plrty
'http://www.snapdeal.com/product/rr-kabel-pvc-insulated-single/1761164799#bcrumbLabelId:790',,http://www.snapdeal.com/products/kitchen-bathroom-fittings-electrical-equipment/?q=Type_s%3AWires%7C&sort=plrty
'http://www.snapdeal.com/product/rr-kabel-pvc-insulated-single/1822895598#bcrumbLabelId:790',,http://www.snapdeal.com/products/kitchen-bathroom-fittings-electrical-equipment/?q=Type_s%3AWires%7C&sort=plrty
'http://www.snapdeal.com/product/ashoka-cables-25-sq-mm/620757344514#bcrumbLabelId:790',,http://www.snapdeal.com/products/kitchen-bathroom-fittings-electrical-equipment/?q=Type_s%3AWires%7C&sort=plrty
'http://www.snapdeal.com/product/polycab-wire-frls-type-4/623476226308#bcrumbLabelId:790',,http://www.snapdeal.com/products/kitchen-bathroom-fittings-electrical-equipment/?q=Type_s%3AWires%7C&sort=plrty
'http://www.snapdeal.com/product/rr-kabel-superex-fr-pvc/637080968462#bcrumbLabelId:790',,http://www.snapdeal.com/products/kitchen-bathroom-fittings-electrical-equipment/?q=Type_s%3AWires%7C&sort=plrty
'http://www.snapdeal.com/product/finolex-4-sq-mm-fr/640004645568#bcrumbLabelId:790',,http://www.snapdeal.com/products/kitchen-bathroom-fittings-electrical-equipment/?q=Type_s%3AWires%7C&sort=plrty
'http://www.snapdeal.com/product/polycab-wire-frls-type-25/642297849684#bcrumbLabelId:790',,http://www.snapdeal.com/products/kitchen-bathroom-fittings-electrical-equipment/?q=Type_s%3AWires%7C&sort=plrty
'http://www.snapdeal.com/product/champion-plus-25mm-copper-wire/644230660475#bcrumbLabelId:790',,http://www.snapdeal.com/products/kitchen-bathroom-fittings-electrical-equipment/?q=Type_s%3AWires%7C&sort=plrty
'http://www.snapdeal.com/product/polycab-wire-fr-type-25/645309808641',,http://www.snapdeal.com/products/kitchen-bathroom-fittings-electrical-equipment/?q=Type_s%3AWires%7C&sort=plrty
'http://www.snapdeal.com/product/finolex-cables-10-sqmm-fr/648402426233',,http://www.snapdeal.com/products/kitchen-bathroom-fittings-electrical-equipment/?q=Type_s%3AWires%7C&sort=plrty
'http://www.snapdeal.com/product/avonzz-water-tank-overflow-alarm/658626265027',,http://www.snapdeal.com/products/kitchen-bathroom-fittings-electrical-equipment/?q=Type_s%3AWires%7C&sort=plrty
'http://www.snapdeal.com/product/havells-red-pvc-insulated-cable/659541747771',,http://www.snapdeal.com/products/kitchen-bathroom-fittings-electrical-equipment/?q=Type_s%3AWires%7C&sort=plrty
'http://www.snapdeal.com/product/finolex-4mm-fr-house-wire/669717771666',,http://www.snapdeal.com/products/kitchen-bathroom-fittings-electrical-equipment/?q=Type_s%3AWires%7C&sort=plrty
'http://www.snapdeal.com/product/rr-kabel-superex-fr-pvc/671771371172',,http://www.snapdeal.com/products/kitchen-bathroom-fittings-electrical-equipment/?q=Type_s%3AWires%7C&sort=plrty
'http://www.snapdeal.com/product/walnut-innovations-plastic-wireless-remote/677130667835',,http://www.snapdeal.com/products/kitchen-bathroom-fittings-electrical-equipment/?q=Type_s%3AWires%7C&sort=plrty
'http://www.snapdeal.com/product/polycab-blue-copper-wire/681307801125',,http://www.snapdeal.com/products/kitchen-bathroom-fittings-electrical-equipment/?q=Type_s%3AWires%7C&sort=plrty
'http://www.snapdeal.com/product/finolex-house-wire-4-sqmm/866578062',,http://www.snapdeal.com/products/kitchen-bathroom-fittings-electrical-equipment/?q=Type_s%3AWires%7C&sort=plrty
'http://www.snapdeal.com/product/kundan-cab-60-sqmm-house/647353381792,,http://www.snapdeal.com/products/kitchen-bathroom-fittings-electrical-equipment/?q=Type_s%3AWires%7C&sort=plrty
'http://www.snapdeal.com/product/polycab-wire-fr-type-4/664070286957',,http://www.snapdeal.com/products/kitchen-bathroom-fittings-electrical-equipment/?q=Type_s%3AWires%7C&sort=plrty
'http://www.snapdeal.com/product/polycab-wire-fr-type-15/648097996031',,http://www.snapdeal.com/products/kitchen-bathroom-fittings-electrical-equipment/?q=Type_s%3AWires%7C&sort=plrty
'http://www.snapdeal.com/product/havells-black-90-mtr-pvc/1724191974',,http://www.snapdeal.com/products/kitchen-bathroom-fittings-electrical-equipment/?q=Type_s%3AWires%7C&sort=plrty
'http://www.snapdeal.com/product/finolex-25-sq-mm-fr/647664861348',,http://www.snapdeal.com/products/kitchen-bathroom-fittings-electrical-equipment/?q=Type_s%3AWires%7C&sort=plrty
'http://www.snapdeal.com/product/polycab-red-15sqmm-wire-red/641677320162',,http://www.snapdeal.com/products/kitchen-bathroom-fittings-electrical-equipment/?q=Type_s%3AWires%7C&sort=plrty
'http://www.snapdeal.com/product/havells-pvc-insulated-single-core/1560137547',,http://www.snapdeal.com/products/kitchen-bathroom-fittings-electrical-equipment/?q=Type_s%3AWires%7C&sort=plrty
'http://www.snapdeal.com/product/finolex-house-wire-15-sqmm/15367204',,http://www.snapdeal.com/products/kitchen-bathroom-fittings-electrical-equipment/?q=Type_s%3AWires%7C&sort=plrty
'http://www.snapdeal.com/product/finolex-house-wire-10-sqmm/1607822355',,http://www.snapdeal.com/products/kitchen-bathroom-fittings-electrical-equipment/?q=Type_s%3AWires%7C&sort=plrty
'http://www.snapdeal.com/product/superkitco-pvc-insulated-075-sq/619786616462',,http://www.snapdeal.com/products/kitchen-bathroom-fittings-electrical-equipment/?q=Type_s%3AWires%7C&sort=plrty
'http://www.snapdeal.com/product/vidhata-enterprises-white-copper-electrical/683124087703',,http://www.snapdeal.com/products/kitchen-bathroom-fittings-electrical-equipment/?q=Type_s%3AWires%7C&sort=plrty
'http://www.snapdeal.com/product/avonzz-water-tank-over-flow/687175412000',,http://www.snapdeal.com/products/kitchen-bathroom-fittings-electrical-equipment/?q=Type_s%3AWires%7C&sort=plrty
'http://www.snapdeal.com/product/prateek-cables-90m-15sqm-electric/1035164532,,http://www.snapdeal.com/products/kitchen-bathroom-fittings-electrical-equipment/?q=Type_s%3AWires%7C&sort=plrty
'http://www.snapdeal.com/product/orbit-25-sqmm-90-mtr/1102878765',,http://www.snapdeal.com/products/kitchen-bathroom-fittings-electrical-equipment/?q=Type_s%3AWires%7C&sort=plrty
'http://www.snapdeal.com/product/orbit-15-sqmm-90-mtr/1105413465',,http://www.snapdeal.com/products/kitchen-bathroom-fittings-electrical-equipment/?q=Type_s%3AWires%7C&sort=plrty
'http://www.snapdeal.com/product/finolex-green-90-mtr-pvc/1341774851',',http://www.snapdeal.com/products/kitchen-bathroom-fittings-electrical-equipment/?q=Type_s%3AWires%7C&sort=plrty
'http://www.snapdeal.com/product/havells-pvc-insulated-single-core/13507485',,http://www.snapdeal.com/products/kitchen-bathroom-fittings-electrical-equipment/?q=Type_s%3AWires%7C&sort=plrty
'http://www.snapdeal.com/product/orbit-15-sqmm-90-mtr/1521635103',,http://www.snapdeal.com/products/kitchen-bathroom-fittings-electrical-equipment/?q=Type_s%3AWires%7C&sort=plrty
'http://www.snapdeal.com/product/kalinga-gold-cu-flex-yellow/163180572',,http://www.snapdeal.com/products/kitchen-bathroom-fittings-electrical-equipment/?q=Type_s%3AWires%7C&sort=plrty
'http://www.snapdeal.com/product/finolex-house-wire-4-sqmm/1656448692',,http://www.snapdeal.com/products/kitchen-bathroom-fittings-electrical-equipment/?q=Type_s%3AWires%7C&sort=plrty
'http://www.snapdeal.com/product/havells-pvc-insulated-single-core/1826478626',,http://www.snapdeal.com/products/kitchen-bathroom-fittings-electrical-equipment/?q=Type_s%3AWires%7C&sort=plrty
'http://www.snapdeal.com/product/kalinga-gold-cu-flex-green/1904433627',,http://www.snapdeal.com/products/kitchen-bathroom-fittings-electrical-equipment/?q=Type_s%3AWires%7C&sort=plrty
'http://www.snapdeal.com/product/rr-kabel-pvc-insulated-single/1989302575',,http://www.snapdeal.com/products/kitchen-bathroom-fittings-electrical-equipment/?q=Type_s%3AWires%7C&sort=plrty
'http://www.snapdeal.com/product/havells-pvc-insulated-single-core/2092421348',,http://www.snapdeal.com/products/kitchen-bathroom-fittings-electrical-equipment/?q=Type_s%3AWires%7C&sort=plrty
'http://www.snapdeal.com/product/finolex-house-wire-25-sqmm/31703357',,http://www.snapdeal.com/products/kitchen-bathroom-fittings-electrical-equipment/?q=Type_s%3AWires%7C&sort=plrty
'http://www.snapdeal.com/product/rr-kabel-pvc-insulated-single/468600439',,http://www.snapdeal.com/products/kitchen-bathroom-fittings-electrical-equipment/?q=Type_s%3AWires%7C&sort=plrty
'http://www.snapdeal.com/product/rr-kabel-pvc-insulated-single/48344787',,http://www.snapdeal.com/products/kitchen-bathroom-fittings-electrical-equipment/?q=Type_s%3AWires%7C&sort=plrty
'http://www.snapdeal.com/product/rr-kabel-superex-fr-pvc/623187308661',,http://www.snapdeal.com/products/kitchen-bathroom-fittings-electrical-equipment/?q=Type_s%3AWires%7C&sort=plrty
'http://www.snapdeal.com/product/anchor-yellow-90-meter-250mm/624353247699',,http://www.snapdeal.com/products/kitchen-bathroom-fittings-electrical-equipment/?q=Type_s%3AWires%7C&sort=plrty
'http://www.snapdeal.com/product/polycab-wire-frls-type-075/625374404469',,http://www.snapdeal.com/products/kitchen-bathroom-fittings-electrical-equipment/?q=Type_s%3AWires%7C&sort=plrty
'http://www.snapdeal.com/product/finolex-blue-pvc-cables-pack/629137591205',,http://www.snapdeal.com/products/kitchen-bathroom-fittings-electrical-equipment/?q=Type_s%3AWires%7C&sort=plrty
'http://www.snapdeal.com/product/rr-kabel-telephone-2-pair/630804984927',,http://www.snapdeal.com/products/kitchen-bathroom-fittings-electrical-equipment/?q=Type_s%3AWires%7C&sort=plrty
'http://www.snapdeal.com/product/polycab-yellow-15sqmm-wire-yellow/633175195922',,http://www.snapdeal.com/products/kitchen-bathroom-fittings-electrical-equipment/?q=Type_s%3AWires%7C&sort=plrty
'http://www.snapdeal.com/product/anchor-black-90-meter-400/636037413525',,http://www.snapdeal.com/products/kitchen-bathroom-fittings-electrical-equipment/?q=Type_s%3AWires%7C&sort=plrty
'http://www.snapdeal.com/product/jayanti-associates-havells-red-pvc/636699829496',,http://www.snapdeal.com/products/kitchen-bathroom-fittings-electrical-equipment/?q=Type_s%3AWires%7C&sort=plrty
'http://www.snapdeal.com/product/finolex-4mm-frls-house-wire/636980854493',,http://www.snapdeal.com/products/kitchen-bathroom-fittings-electrical-equipment/?q=Type_s%3AWires%7C&sort=plrty
'http://www.snapdeal.com/product/glomax-red-pvc-house-wire/640732078790',,http://www.snapdeal.com/products/kitchen-bathroom-fittings-electrical-equipment/?q=Type_s%3AWires%7C&sort=plrty
'http://www.snapdeal.com/product/rr-kabel-cctv-31-camera/647157576433',,http://www.snapdeal.com/products/kitchen-bathroom-fittings-electrical-equipment/?q=Type_s%3AWires%7C&sort=plrty
'http://www.snapdeal.com/product/manglam-white-virgin-plastic-cable/650601330102',,http://www.snapdeal.com/products/kitchen-bathroom-fittings-electrical-equipment/?q=Type_s%3AWires%7C&sort=plrty
'http://www.snapdeal.com/product/finolex-6mm-fr-house-wire/651024934797',,http://www.snapdeal.com/products/kitchen-bathroom-fittings-electrical-equipment/?q=Type_s%3AWires%7C&sort=plrty
'http://www.snapdeal.com/product/havells-red-pvc-insulated-cable/651867935899',,http://www.snapdeal.com/products/kitchen-bathroom-fittings-electrical-equipment/?q=Type_s%3AWires%7C&sort=plrty
'http://www.snapdeal.com/product/polycab-wire-frls-type-1/653188661800',,http://www.snapdeal.com/products/kitchen-bathroom-fittings-electrical-equipment/?q=Type_s%3AWires%7C&sort=plrty
'http://www.snapdeal.com/product/kundan-cab-10-sqmm-house/655427724535',,http://www.snapdeal.com/products/kitchen-bathroom-fittings-electrical-equipment/?q=Type_s%3AWires%7C&sort=plrty
'http://www.snapdeal.com/product/havells-red-pvc-insulated-cable/664652530156',,http://www.snapdeal.com/products/kitchen-bathroom-fittings-electrical-equipment/?q=Type_s%3AWires%7C&sort=plrty
'http://www.snapdeal.com/product/polycab-green-copper-wire/666432570198',,http://www.snapdeal.com/products/kitchen-bathroom-fittings-electrical-equipment/?q=Type_s%3AWires%7C&sort=plrty
'http://www.snapdeal.com/product/finolex-cables-15-sqmm-fr/666893317985',,http://www.snapdeal.com/products/kitchen-bathroom-fittings-electrical-equipment/?q=Type_s%3AWires%7C&sort=plrty
'http://www.snapdeal.com/product/champion-plus-1mm-copper-wire/672511951489',,http://www.snapdeal.com/products/kitchen-bathroom-fittings-electrical-equipment/?q=Type_s%3AWires%7C&sort=plrty
'http://www.snapdeal.com/product/anchor-red-90-meter-150mm/672538317641',,http://www.snapdeal.com/products/kitchen-bathroom-fittings-electrical-equipment/?q=Type_s%3AWires%7C&sort=plrty
'http://www.snapdeal.com/product/havells-pvc-insulated-single-core/679401041576',,http://www.snapdeal.com/products/kitchen-bathroom-fittings-electrical-equipment/?q=Type_s%3AWires%7C&sort=plrty
'http://www.snapdeal.com/product/manglam-white-virgin-plastic-cable/680185492755',,http://www.snapdeal.com/products/kitchen-bathroom-fittings-electrical-equipment/?q=Type_s%3AWires%7C&sort=plrty
'http://www.snapdeal.com/product/champion-plus-1mm-copper-wire/681831424197',,http://www.snapdeal.com/products/kitchen-bathroom-fittings-electrical-equipment/?q=Type_s%3AWires%7C&sort=plrty
'http://www.snapdeal.com/product/kalinga-gold-cu-flex-blue/919743259',,http://www.snapdeal.com/products/kitchen-bathroom-fittings-electrical-equipment/?q=Type_s%3AWires%7C&sort=plrty
'http://www.snapdeal.com/product/havells-pvc-insulated-single-core/627343016882',,http://www.snapdeal.com/products/kitchen-bathroom-fittings-electrical-equipment/?q=Type_s%3AWires%7C&sort=plrty
'http://www.snapdeal.com/product/jayanti-associates-havells-yellow-pvc/633840034446',,http://www.snapdeal.com/products/kitchen-bathroom-fittings-electrical-equipment/?q=Type_s%3AWires%7C&sort=plrty
'http://www.snapdeal.com/product/finolex-house-wire-15-sqmm/1937966038',,http://www.snapdeal.com/products/kitchen-bathroom-fittings-electrical-equipment/?q=Type_s%3AWires%7C&sort=plrty
'http://www.snapdeal.com/product/havells-red-pvc-insulated-cable/640568253480',,http://www.snapdeal.com/products/kitchen-bathroom-fittings-electrical-equipment/?q=Type_s%3AWires%7C&sort=plrty
'http://www.snapdeal.com/product/finolex-house-wire-4-sqmm/1995424682',,http://www.snapdeal.com/products/kitchen-bathroom-fittings-electrical-equipment/?q=Type_s%3AWires%7C&sort=plrty
'http://www.snapdeal.com/product/avonzz-water-tank-overflow-alarm/626552573601',,http://www.snapdeal.com/products/kitchen-bathroom-fittings-electrical-equipment/?q=Type_s%3AWires%7C&sort=plrty
'http://www.snapdeal.com/product/rr-kabel-telephone-4-pair/641166078962',,http://www.snapdeal.com/products/kitchen-bathroom-fittings-electrical-equipment/?q=Type_s%3AWires%7C&sort=plrty
'http://www.snapdeal.com/product/anchor-black-90-meter-250mm/657632592420',,http://www.snapdeal.com/products/kitchen-bathroom-fittings-electrical-equipment/?q=Type_s%3AWires%7C&sort=plrty
'http://www.snapdeal.com/product/havells-red-pvc-insulated-cable/665328565961',,http://www.snapdeal.com/products/kitchen-bathroom-fittings-electrical-equipment/?q=Type_s%3AWires%7C&sort=plrty
'http://www.snapdeal.com/product/anchor-red-90-meter-250mm/643303687422',,http://www.snapdeal.com/products/kitchen-bathroom-fittings-electrical-equipment/?q=Type_s%3AWires%7C&sort=plrty
'http://www.snapdeal.com/product/anchor-red-90-meter-100/643722332564',,http://www.snapdeal.com/products/kitchen-bathroom-fittings-electrical-equipment/?q=Type_s%3AWires%7C&sort=plrty
'http://www.snapdeal.com/product/havells-red-pvc-insulated-cable/641666819833',,http://www.snapdeal.com/products/kitchen-bathroom-fittings-electrical-equipment/?q=Type_s%3AWires%7C&sort=plrty
'http://www.snapdeal.com/product/avonzz-water-tank-overflow-alarm/656128031258',,http://www.snapdeal.com/products/kitchen-bathroom-fittings-electrical-equipment/?q=Type_s%3AWires%7C&sort=plrty
'http://www.snapdeal.com/product/finolex-house-wire-15-sqmm/1403111138',,http://www.snapdeal.com/products/kitchen-bathroom-fittings-electrical-equipment/?q=Type_s%3AWires%7C&sort=plrty
'http://www.snapdeal.com/product/havells-pvc-insulated-single-core/315647294',,http://www.snapdeal.com/products/kitchen-bathroom-fittings-electrical-equipment/?q=Type_s%3AWires%7C&sort=plrty
'http://www.snapdeal.com/product/kundan-cab-15-sqmm-house/619425273897',,http://www.snapdeal.com/products/kitchen-bathroom-fittings-electrical-equipment/?q=Type_s%3AWires%7C&sort=plrty
'http://www.snapdeal.com/product/kalinga-gold-cu-flex-blue/1990713852',,http://www.snapdeal.com/products/kitchen-bathroom-fittings-electrical-equipment/?q=Type_s%3AWires%7C&sort=plrty
'http://www.snapdeal.com/product/kalinga-gold-cu-flex-black/1974508778',,http://www.snapdeal.com/products/kitchen-bathroom-fittings-electrical-equipment/?q=Type_s%3AWires%7C&sort=plrty
'http://www.snapdeal.com/product/kundan-red-pvc-1mm-electrical/646531939476',,http://www.snapdeal.com/products/kitchen-bathroom-fittings-electrical-equipment/?q=Type_s%3AWires%7C&sort=plrty
'http://www.snapdeal.com/product/havells-pvc-insulated-single-core/500473549',,http://www.snapdeal.com/products/kitchen-bathroom-fittings-electrical-equipment/?q=Type_s%3AWires%7C&sort=plrty
'http://www.snapdeal.com/product/havells-red-pvc-insulated-cable/684239489804',,http://www.snapdeal.com/products/kitchen-bathroom-fittings-electrical-equipment/?q=Type_s%3AWires%7C&sort=plrty
'http://www.snapdeal.com/product/rr-kabel-pvc-insulated-single/1687665604',,http://www.snapdeal.com/products/kitchen-bathroom-fittings-electrical-equipment/?q=Type_s%3AWires%7C&sort=plrty
'http://www.snapdeal.com/product/anchor-black-90-meter-100/632882561693',,http://www.snapdeal.com/products/kitchen-bathroom-fittings-electrical-equipment/?q=Type_s%3AWires%7C&sort=plrty
'http://www.snapdeal.com/product/finolex-house-wire-10-sqmm/216899643',,http://www.snapdeal.com/products/kitchen-bathroom-fittings-electrical-equipment/?q=Type_s%3AWires%7C&sort=plrty
'http://www.snapdeal.com/product/finolex-house-wire-10-sqmm/1322882771',,http://www.snapdeal.com/products/kitchen-bathroom-fittings-electrical-equipment/?q=Type_s%3AWires%7C&sort=plrty
'http://www.snapdeal.com/product/kalinga-gold-cu-flex-black/702629164',,http://www.snapdeal.com/products/kitchen-bathroom-fittings-electrical-equipment/?q=Type_s%3AWires%7C&sort=plrty
'http://www.snapdeal.com/product/green-cab-black-fr-pvc/626047078796',,http://www.snapdeal.com/products/kitchen-bathroom-fittings-electrical-equipment/?q=Type_s%3AWires%7C&sort=plrty
'http://www.snapdeal.com/product/swaraj-cables-blue-pvc-wire/624416737639',,http://www.snapdeal.com/products/kitchen-bathroom-fittings-electrical-equipment/?q=Type_s%3AWires%7C&sort=plrty
'http://www.snapdeal.com/product/dernier-white-h1-plastic-wireless/641458283591',,http://www.snapdeal.com/products/kitchen-bathroom-fittings-electrical-equipment/?q=Type_s%3AWires%7C&sort=plrty
'http://www.snapdeal.com/product/kundan-cab-10-sqmm-house/619294958342',,http://www.snapdeal.com/products/kitchen-bathroom-fittings-electrical-equipment/?q=Type_s%3AWires%7C&sort=plrty
'http://www.snapdeal.com/product/kalinga-gold-cu-flex-red/497336753',,http://www.snapdeal.com/products/kitchen-bathroom-fittings-electrical-equipment/?q=Type_s%3AWires%7C&sort=plrty
'http://www.snapdeal.com/product/kei-housewire-100-sqmm-yellow/1033245497',,http://www.snapdeal.com/products/kitchen-bathroom-fittings-electrical-equipment/?q=Type_s%3AWires%7C&sort=plrty
'http://www.snapdeal.com/product/klc-3-pin-4-yards/1072757468',,http://www.snapdeal.com/products/kitchen-bathroom-fittings-electrical-equipment/?q=Type_s%3AWires%7C&sort=plrty
'http://www.snapdeal.com/product/rr-kabel-pvc-insulated-single/1082919857',,http://www.snapdeal.com/products/kitchen-bathroom-fittings-electrical-equipment/?q=Type_s%3AWires%7C&sort=plrty
'http://www.snapdeal.com/product/star-enterprises-red-pvc-wire/110847769',,http://www.snapdeal.com/products/kitchen-bathroom-fittings-electrical-equipment/?q=Type_s%3AWires%7C&sort=plrty
'http://www.snapdeal.com/product/finolex-house-wire-6-sqmm/1135345847',,http://www.snapdeal.com/products/kitchen-bathroom-fittings-electrical-equipment/?q=Type_s%3AWires%7C&sort=plrty
'http://www.snapdeal.com/product/klc-3-pin-4-yards/1137456042',,http://www.snapdeal.com/products/kitchen-bathroom-fittings-electrical-equipment/?q=Type_s%3AWires%7C&sort=plrty
'http://www.snapdeal.com/product/havells-pvc-insulated-single-core/1157399669',,http://www.snapdeal.com/products/kitchen-bathroom-fittings-electrical-equipment/?q=Type_s%3AWires%7C&sort=plrty
'http://www.snapdeal.com/product/havells-pvc-insulated-single-core/1201560140',,http://www.snapdeal.com/products/kitchen-bathroom-fittings-electrical-equipment/?q=Type_s%3AWires%7C&sort=plrty
'http://www.snapdeal.com/product/sbee-cables-red-fr-pvc/1235267379',,http://www.snapdeal.com/products/kitchen-bathroom-fittings-electrical-equipment/?q=Type_s%3AWires%7C&sort=plrty
'http://www.snapdeal.com/product/havells-green-90-mtr-pvc/1271607321',,http://www.snapdeal.com/products/kitchen-bathroom-fittings-electrical-equipment/?q=Type_s%3AWires%7C&sort=plrty
'http://www.snapdeal.com/product/finolex-house-wire-4-sqmm/1272556373',,http://www.snapdeal.com/products/kitchen-bathroom-fittings-electrical-equipment/?q=Type_s%3AWires%7C&sort=plrty
'http://www.snapdeal.com/product/vguard-wires-cables-100-mm/1335389671',,http://www.snapdeal.com/products/kitchen-bathroom-fittings-electrical-equipment/?q=Type_s%3AWires%7C&sort=plrty
'http://www.snapdeal.com/product/finolex-house-wire-6-sqmm/1470208395',,http://www.snapdeal.com/products/kitchen-bathroom-fittings-electrical-equipment/?q=Type_s%3AWires%7C&sort=plrty
'http://www.snapdeal.com/product/kalinga-gold-cu-flex-red/1471544465',,http://www.snapdeal.com/products/kitchen-bathroom-fittings-electrical-equipment/?q=Type_s%3AWires%7C&sort=plrty
'http://www.snapdeal.com/product/havells-pvc-insulated-single-core/1554512617',,http://www.snapdeal.com/products/kitchen-bathroom-fittings-electrical-equipment/?q=Type_s%3AWires%7C&sort=plrty
'http://www.snapdeal.com/product/cona-wireless-bell/1606557666',,http://www.snapdeal.com/products/kitchen-bathroom-fittings-electrical-equipment/?q=Type_s%3AWires%7C&sort=plrty
'http://www.snapdeal.com/product/rr-kabel-pvc-insulated-single/160795776',,http://www.snapdeal.com/products/kitchen-bathroom-fittings-electrical-equipment/?q=Type_s%3AWires%7C&sort=plrty
'http://www.snapdeal.com/product/star-enterprises-black-pvc-wire/1622447098',,http://www.snapdeal.com/products/kitchen-bathroom-fittings-electrical-equipment/?q=Type_s%3AWires%7C&sort=plrty
'http://www.snapdeal.com/product/finolex-house-wire-15-sqmm/1640272631',,http://www.snapdeal.com/products/kitchen-bathroom-fittings-electrical-equipment/?q=Type_s%3AWires%7C&sort=plrty
'http://www.snapdeal.com/product/rr-kabel-pvc-insulated-single/165762235',,http://www.snapdeal.com/products/kitchen-bathroom-fittings-electrical-equipment/?q=Type_s%3AWires%7C&sort=plrty
'http://www.snapdeal.com/product/finolex-house-wire-15-sqmm/1790047659',,http://www.snapdeal.com/products/kitchen-bathroom-fittings-electrical-equipment/?q=Type_s%3AWires%7C&sort=plrty
'http://www.snapdeal.com/product/havells-pvc-fr-insulated-single/1821168316',,http://www.snapdeal.com/products/kitchen-bathroom-fittings-electrical-equipment/?q=Type_s%3AWires%7C&sort=plrty
'http://www.snapdeal.com/product/askon-askol-31-cctv-cablesgold/1822140649',,http://www.snapdeal.com/products/kitchen-bathroom-fittings-electrical-equipment/?q=Type_s%3AWires%7C&sort=plrty
'http://www.snapdeal.com/product/finolex-blue-90-mtr-pvc/183332304',,http://www.snapdeal.com/products/kitchen-bathroom-fittings-electrical-equipment/?q=Type_s%3AWires%7C&sort=plrty
'http://www.snapdeal.com/product/vguard-triple-layer-pvc-insulated/1837851783',,http://www.snapdeal.com/products/kitchen-bathroom-fittings-electrical-equipment/?q=Type_s%3AWires%7C&sort=plrty
'http://www.snapdeal.com/product/havells-pvc-insulated-single-core/1845431549',,http://www.snapdeal.com/products/kitchen-bathroom-fittings-electrical-equipment/?q=Type_s%3AWires%7C&sort=plrty
'http://www.snapdeal.com/product/havells-pvc-insulated-single-core/1875410332',,http://www.snapdeal.com/products/kitchen-bathroom-fittings-electrical-equipment/?q=Type_s%3AWires%7C&sort=plrty
'http://www.snapdeal.com/product/rr-kabel-pvc-insulated-single/1907912748',,http://www.snapdeal.com/products/kitchen-bathroom-fittings-electrical-equipment/?q=Type_s%3AWires%7C&sort=plrty
'http://www.snapdeal.com/product/cona-white-cordless-door-bell/1909556813',,http://www.snapdeal.com/products/kitchen-bathroom-fittings-electrical-equipment/?q=Type_s%3AWires%7C&sort=plrty
'http://www.snapdeal.com/product/rci-white-air-conditioner-cable/1910649302',,http://www.snapdeal.com/products/kitchen-bathroom-fittings-electrical-equipment/?q=Type_s%3AWires%7C&sort=plrty
'http://www.snapdeal.com/product/havells-pvc-insulated-single-core/1974513341',,http://www.snapdeal.com/products/kitchen-bathroom-fittings-electrical-equipment/?q=Type_s%3AWires%7C&sort=plrty
'http://www.snapdeal.com/product/havells-pvc-insulated-single-core/2059701391',,http://www.snapdeal.com/products/kitchen-bathroom-fittings-electrical-equipment/?q=Type_s%3AWires%7C&sort=plrty
'http://www.snapdeal.com/product/havells-pvc-insulated-single-core/2113728399',,http://www.snapdeal.com/products/kitchen-bathroom-fittings-electrical-equipment/?q=Type_s%3AWires%7C&sort=plrty
'http://www.snapdeal.com/product/polycab/2130666196',,http://www.snapdeal.com/products/kitchen-bathroom-fittings-electrical-equipment/?q=Type_s%3AWires%7C&sort=plrty
'http://www.snapdeal.com/product/kalinga-gold-cu-flex-red/245686783',,http://www.snapdeal.com/products/kitchen-bathroom-fittings-electrical-equipment/?q=Type_s%3AWires%7C&sort=plrty
'http://www.snapdeal.com/product/rr-kabel-pvc-insulated-single/26914673',,http://www.snapdeal.com/products/kitchen-bathroom-fittings-electrical-equipment/?q=Type_s%3AWires%7C&sort=plrty
'http://www.snapdeal.com/product/orbit-25-sqmm-90-mtr/311171548',,http://www.snapdeal.com/products/kitchen-bathroom-fittings-electrical-equipment/?q=Type_s%3AWires%7C&sort=plrty
'http://www.snapdeal.com/product/kalinga-gold-cu-flex-yellow/361287454',,http://www.snapdeal.com/products/kitchen-bathroom-fittings-electrical-equipment/?q=Type_s%3AWires%7C&sort=plrty
'http://www.snapdeal.com/product/kalinga-gold-cu-flex-yellow/363922165',,http://www.snapdeal.com/products/kitchen-bathroom-fittings-electrical-equipment/?q=Type_s%3AWires%7C&sort=plrty
'http://www.snapdeal.com/product/orbit-1-sqmm-90-mtr/367268284',,http://www.snapdeal.com/products/kitchen-bathroom-fittings-electrical-equipment/?q=Type_s%3AWires%7C&sort=plrty
'http://www.snapdeal.com/product/havells-pvc-fr-insulated-single/450748572',,http://www.snapdeal.com/products/kitchen-bathroom-fittings-electrical-equipment/?q=Type_s%3AWires%7C&sort=plrty
'http://www.snapdeal.com/product/rr-kabel-pvc-insulated-single/462185556',,http://www.snapdeal.com/products/kitchen-bathroom-fittings-electrical-equipment/?q=Type_s%3AWires%7C&sort=plrty
'http://www.snapdeal.com/product/kei-housewire-100-sqmm-blue/463434455',,http://www.snapdeal.com/products/kitchen-bathroom-fittings-electrical-equipment/?q=Type_s%3AWires%7C&sort=plrty
'http://www.snapdeal.com/product/havells-pvc-fr-insulated-single/467982273',,http://www.snapdeal.com/products/kitchen-bathroom-fittings-electrical-equipment/?q=Type_s%3AWires%7C&sort=plrty
'http://www.snapdeal.com/product/finolex-green-90-mtr-pvc/519778916',,http://www.snapdeal.com/products/kitchen-bathroom-fittings-electrical-equipment/?q=Type_s%3AWires%7C&sort=plrty
'http://www.snapdeal.com/product/neskeb-white-cctv-cables/568980962',,http://www.snapdeal.com/products/kitchen-bathroom-fittings-electrical-equipment/?q=Type_s%3AWires%7C&sort=plrty
'http://www.snapdeal.com/product/walter-long-wire-extention-cord/619751425845',,http://www.snapdeal.com/products/kitchen-bathroom-fittings-electrical-equipment/?q=Type_s%3AWires%7C&sort=plrty
'http://www.snapdeal.com/product/rr-kabel-superex-fr-pvc/619952760402',,http://www.snapdeal.com/products/kitchen-bathroom-fittings-electrical-equipment/?q=Type_s%3AWires%7C&sort=plrty
'http://www.snapdeal.com/product/polycab-wire-fr-type-1/620826381270',,http://www.snapdeal.com/products/kitchen-bathroom-fittings-electrical-equipment/?q=Type_s%3AWires%7C&sort=plrty
'http://www.snapdeal.com/product/greatwhite-triple-layer-securex-fire/621561471727',,http://www.snapdeal.com/products/kitchen-bathroom-fittings-electrical-equipment/?q=Type_s%3AWires%7C&sort=plrty
'http://www.snapdeal.com/product/standard-pvc-insulated-single-core/621618475230',,http://www.snapdeal.com/products/kitchen-bathroom-fittings-electrical-equipment/?q=Type_s%3AWires%7C&sort=plrty
'http://www.snapdeal.com/product/avonzz-water-tank-overflow-alarm/637406203854#bcrumbLabelId:790',,http://www.snapdeal.com/products/kitchen-bathroom-fittings-electrical-equipment/?q=Type_s%3AWires%7C&sort=plrty
'http://www.snapdeal.com/product/finolex-house-wire-15-sqmm/1019595874#bcrumbLabelId:790',,http://www.snapdeal.com/products/kitchen-bathroom-fittings-electrical-equipment/?q=Type_s%3AWires%7C&sort=plrty
'http://www.snapdeal.com/product/avonzz-water-tank-overflow-alarm/645281828503#bcrumbLabelId:790',,http://www.snapdeal.com/products/kitchen-bathroom-fittings-electrical-equipment/?q=Type_s%3AWires%7C&sort=plrty
'http://www.snapdeal.com/product/havells-pvc-insulated-single-core/1521544281#bcrumbLabelId:790',,http://www.snapdeal.com/products/kitchen-bathroom-fittings-electrical-equipment/?q=Type_s%3AWires%7C&sort=plrty
'http://www.snapdeal.com/product/havells-red-pvc-insulated-cable/660917922395#bcrumbLabelId:790',,http://www.snapdeal.com/products/kitchen-bathroom-fittings-electrical-equipment/?q=Type_s%3AWires%7C&sort=plrty
'http://www.snapdeal.com/product/avonzz-water-tank-overflow-alarm/641697439895#bcrumbLabelId:790',,http://www.snapdeal.com/products/kitchen-bathroom-fittings-electrical-equipment/?q=Type_s%3AWires%7C&sort=plrty
'http://www.snapdeal.com/product/kalinga-gold-cu-flex-red/1654014193#bcrumbLabelId:790',,http://www.snapdeal.com/products/kitchen-bathroom-fittings-electrical-equipment/?q=Type_s%3AWires%7C&sort=plrty
'http://www.snapdeal.com/product/cona-white-cordless-wireless-door/1200466126#bcrumbLabelId:790',,http://www.snapdeal.com/products/kitchen-bathroom-fittings-electrical-equipment/?q=Type_s%3AWires%7C&sort=plrty
'http://www.snapdeal.com/product/finolex-house-wire-10-sqmm/1552280030#bcrumbLabelId:790',,http://www.snapdeal.com/products/kitchen-bathroom-fittings-electrical-equipment/?q=Type_s%3AWires%7C&sort=plrty
'http://www.snapdeal.com/product/kundan-cab-15-sqmm-house/624527161178#bcrumbLabelId:790',,http://www.snapdeal.com/products/kitchen-bathroom-fittings-electrical-equipment/?q=Type_s%3AWires%7C&sort=plrty
'http://www.snapdeal.com/product/kalinga-gold-cu-flex-blue/2060947837#bcrumbLabelId:790',,http://www.snapdeal.com/products/kitchen-bathroom-fittings-electrical-equipment/?q=Type_s%3AWires%7C&sort=plrty
'http://www.snapdeal.com/product/kundan-cab-15-sqmm-house/666282232513#bcrumbLabelId:790',,http://www.snapdeal.com/products/kitchen-bathroom-fittings-electrical-equipment/?q=Type_s%3AWires%7C&sort=plrty
'http://www.snapdeal.com/product/finolex-1mm-fr-house-wire/661781838656#bcrumbLabelId:790',,http://www.snapdeal.com/products/kitchen-bathroom-fittings-electrical-equipment/?q=Type_s%3AWires%7C&sort=plrty
'http://www.snapdeal.com/product/finolex-cables-15-sqmm-fr/674365351410#bcrumbLabelId:790',,http://www.snapdeal.com/products/kitchen-bathroom-fittings-electrical-equipment/?q=Type_s%3AWires%7C&sort=plrty
'http://www.snapdeal.com/product/kundan-cab-60-sqmm-house/637043724926#bcrumbLabelId:790',,http://www.snapdeal.com/products/kitchen-bathroom-fittings-electrical-equipment/?q=Type_s%3AWires%7C&sort=plrty
'http://www.snapdeal.com/product/finolex-house-wire-4-sqmm/1067474040#bcrumbLabelId:790',,http://www.snapdeal.com/products/kitchen-bathroom-fittings-electrical-equipment/?q=Type_s%3AWires%7C&sort=plrty
'http://www.snapdeal.com/product/finolex-house-wire-10-sqmm/1976374918#bcrumbLabelId:790',,http://www.snapdeal.com/products/kitchen-bathroom-fittings-electrical-equipment/?q=Type_s%3AWires%7C&sort=plrty
'http://www.snapdeal.com/product/kundan-blue-pvc-25mm-electrical/680457048355#bcrumbLabelId:790',,http://www.snapdeal.com/products/kitchen-bathroom-fittings-electrical-equipment/?q=Type_s%3AWires%7C&sort=plrty
'http://www.snapdeal.com/product/kundan-cab-25-sqmm-house/628169199429#bcrumbLabelId:790',,http://www.snapdeal.com/products/kitchen-bathroom-fittings-electrical-equipment/?q=Type_s%3AWires%7C&sort=plrty
'http://www.snapdeal.com/product/havells-pvc-insulated-single-core/619971489#bcrumbLabelId:790',,http://www.snapdeal.com/products/kitchen-bathroom-fittings-electrical-equipment/?q=Type_s%3AWires%7C&sort=plrty
'http://www.snapdeal.com/product/finolex-house-wire-4-sqmm/1789318843#bcrumbLabelId:790',,http://www.snapdeal.com/products/kitchen-bathroom-fittings-electrical-equipment/?q=Type_s%3AWires%7C&sort=plrty
'http://www.snapdeal.com/product/finolex-house-wire-25-sqmm/380312764#bcrumbLabelId:790',,http://www.snapdeal.com/products/kitchen-bathroom-fittings-electrical-equipment/?q=Type_s%3AWires%7C&sort=plrty
'http://www.snapdeal.com/product/kundan-cab-25-sqmm-house/682826866842#bcrumbLabelId:790',,http://www.snapdeal.com/products/kitchen-bathroom-fittings-electrical-equipment/?q=Type_s%3AWires%7C&sort=plrty
'http://www.snapdeal.com/product/finolex-house-wire-25-sqmm/763610241#bcrumbLabelId:790',,http://www.snapdeal.com/products/kitchen-bathroom-fittings-electrical-equipment/?q=Type_s%3AWires%7C&sort=plrty
'http://www.snapdeal.com/product/finolex-25mm-fr-house-wire/686058814444#bcrumbLabelId:790',,http://www.snapdeal.com/products/kitchen-bathroom-fittings-electrical-equipment/?q=Type_s%3AWires%7C&sort=plrty
'http://www.snapdeal.com/product/kundan-cab-10-sqmm-house/646467159170#bcrumbLabelId:790',,http://www.snapdeal.com/products/kitchen-bathroom-fittings-electrical-equipment/?q=Type_s%3AWires%7C&sort=plrty
'http://www.snapdeal.com/product/rr-kabel-pvc-insulated-single/1301891775#bcrumbLabelId:790',,http://www.snapdeal.com/products/kitchen-bathroom-fittings-electrical-equipment/?q=Type_s%3AWires%7C&sort=plrty
'http://www.snapdeal.com/product/havells-yellow-90-mtr-pvc/1677278281#bcrumbLabelId:790',,http://www.snapdeal.com/products/kitchen-bathroom-fittings-electrical-equipment/?q=Type_s%3AWires%7C&sort=plrty
'http://www.snapdeal.com/product/havells-pvc-insulated-single-core/548995836#bcrumbLabelId:790',,http://www.snapdeal.com/products/kitchen-bathroom-fittings-electrical-equipment/?q=Type_s%3AWires%7C&sort=plrty
'http://www.snapdeal.com/product/greatwhite-triple-layer-securex-fire/623793113737#bcrumbLabelId:790',,http://www.snapdeal.com/products/kitchen-bathroom-fittings-electrical-equipment/?q=Type_s%3AWires%7C&sort=plrty
'http://www.snapdeal.com/product/champion-plus-25mm-copper-wire/625845277096#bcrumbLabelId:790',,http://www.snapdeal.com/products/kitchen-bathroom-fittings-electrical-equipment/?q=Type_s%3AWires%7C&sort=plrty
'http://www.snapdeal.com/product/champion-plus-4mm-copper-wire/637916930159#bcrumbLabelId:790',,http://www.snapdeal.com/products/kitchen-bathroom-fittings-electrical-equipment/?q=Type_s%3AWires%7C&sort=plrty
'http://www.snapdeal.com/product/havells-red-pvc-insulated-cable/638263150925#bcrumbLabelId:790',,http://www.snapdeal.com/products/kitchen-bathroom-fittings-electrical-equipment/?q=Type_s%3AWires%7C&sort=plrty
'http://www.snapdeal.com/product/greatwhite-triple-layer-securex-fire/648027553789#bcrumbLabelId:790',,http://www.snapdeal.com/products/kitchen-bathroom-fittings-electrical-equipment/?q=Type_s%3AWires%7C&sort=plrty
'http://www.snapdeal.com/product/havells-pvc-insulated-single-core/661310792167#bcrumbLabelId:790',,http://www.snapdeal.com/products/kitchen-bathroom-fittings-electrical-equipment/?q=Type_s%3AWires%7C&sort=plrty
'http://www.snapdeal.com/product/finolex-house-wire-6-sqmm/683448067#bcrumbLabelId:790',,http://www.snapdeal.com/products/kitchen-bathroom-fittings-electrical-equipment/?q=Type_s%3AWires%7C&sort=plrty
'http://www.snapdeal.com/product/finolex-25-sq-mm-fr/623448266044#bcrumbLabelId:790',,http://www.snapdeal.com/products/kitchen-bathroom-fittings-electrical-equipment/?q=Type_s%3AWires%7C&sort=plrty
'http://www.snapdeal.com/product/finolex-house-wire-15-sqmm/764529993#bcrumbLabelId:790',,http://www.snapdeal.com/products/kitchen-bathroom-fittings-electrical-equipment/?q=Type_s%3AWires%7C&sort=plrty
'http://www.snapdeal.com/product/orbit-1-sqmm-90-mtr/1171981067#bcrumbLabelId:790',,http://www.snapdeal.com/products/kitchen-bathroom-fittings-electrical-equipment/?q=Type_s%3AWires%7C&sort=plrty
'http://www.snapdeal.com/product/finolex-house-wire-25-sqmm/1392458845#bcrumbLabelId:790',,http://www.snapdeal.com/products/kitchen-bathroom-fittings-electrical-equipment/?q=Type_s%3AWires%7C&sort=plrty
'http://www.snapdeal.com/product/rr-kabel-pvc-insulated-single/1761164799#bcrumbLabelId:790',,http://www.snapdeal.com/products/kitchen-bathroom-fittings-electrical-equipment/?q=Type_s%3AWires%7C&sort=plrty
'http://www.snapdeal.com/product/rr-kabel-pvc-insulated-single/1822895598#bcrumbLabelId:790',,http://www.snapdeal.com/products/kitchen-bathroom-fittings-electrical-equipment/?q=Type_s%3AWires%7C&sort=plrty
'http://www.snapdeal.com/product/ashoka-cables-25-sq-mm/620757344514#bcrumbLabelId:790',,http://www.snapdeal.com/products/kitchen-bathroom-fittings-electrical-equipment/?q=Type_s%3AWires%7C&sort=plrty
'http://www.snapdeal.com/product/polycab-wire-frls-type-4/623476226308#bcrumbLabelId:790',,http://www.snapdeal.com/products/kitchen-bathroom-fittings-electrical-equipment/?q=Type_s%3AWires%7C&sort=plrty
'http://www.snapdeal.com/product/rr-kabel-superex-fr-pvc/637080968462#bcrumbLabelId:790',,http://www.snapdeal.com/products/kitchen-bathroom-fittings-electrical-equipment/?q=Type_s%3AWires%7C&sort=plrty
'http://www.snapdeal.com/product/finolex-4-sq-mm-fr/640004645568#bcrumbLabelId:790',,http://www.snapdeal.com/products/kitchen-bathroom-fittings-electrical-equipment/?q=Type_s%3AWires%7C&sort=plrty
'http://www.snapdeal.com/product/polycab-wire-frls-type-25/642297849684#bcrumbLabelId:790',,http://www.snapdeal.com/products/kitchen-bathroom-fittings-electrical-equipment/?q=Type_s%3AWires%7C&sort=plrty
'http://www.snapdeal.com/product/champion-plus-25mm-copper-wire/644230660475#bcrumbLabelId:790',,http://www.snapdeal.com/products/kitchen-bathroom-fittings-electrical-equipment/?q=Type_s%3AWires%7C&sort=plrty
'http://www.snapdeal.com/product/polycab-wire-fr-type-25/645309808641',,http://www.snapdeal.com/products/kitchen-bathroom-fittings-electrical-equipment/?q=Type_s%3AWires%7C&sort=plrty
'http://www.snapdeal.com/product/finolex-cables-10-sqmm-fr/648402426233',,http://www.snapdeal.com/products/kitchen-bathroom-fittings-electrical-equipment/?q=Type_s%3AWires%7C&sort=plrty
'http://www.snapdeal.com/product/avonzz-water-tank-overflow-alarm/658626265027',,http://www.snapdeal.com/products/kitchen-bathroom-fittings-electrical-equipment/?q=Type_s%3AWires%7C&sort=plrty
'http://www.snapdeal.com/product/havells-red-pvc-insulated-cable/659541747771',,http://www.snapdeal.com/products/kitchen-bathroom-fittings-electrical-equipment/?q=Type_s%3AWires%7C&sort=plrty
'http://www.snapdeal.com/product/finolex-4mm-fr-house-wire/669717771666',,http://www.snapdeal.com/products/kitchen-bathroom-fittings-electrical-equipment/?q=Type_s%3AWires%7C&sort=plrty
'http://www.snapdeal.com/product/rr-kabel-superex-fr-pvc/671771371172',,http://www.snapdeal.com/products/kitchen-bathroom-fittings-electrical-equipment/?q=Type_s%3AWires%7C&sort=plrty
'http://www.snapdeal.com/product/walnut-innovations-plastic-wireless-remote/677130667835',,http://www.snapdeal.com/products/kitchen-bathroom-fittings-electrical-equipment/?q=Type_s%3AWires%7C&sort=plrty
'http://www.snapdeal.com/product/polycab-blue-copper-wire/681307801125',,http://www.snapdeal.com/products/kitchen-bathroom-fittings-electrical-equipment/?q=Type_s%3AWires%7C&sort=plrty
'http://www.snapdeal.com/product/finolex-house-wire-4-sqmm/866578062',,http://www.snapdeal.com/products/kitchen-bathroom-fittings-electrical-equipment/?q=Type_s%3AWires%7C&sort=plrty
'http://www.snapdeal.com/product/kundan-cab-60-sqmm-house/647353381792',,http://www.snapdeal.com/products/kitchen-bathroom-fittings-electrical-equipment/?q=Type_s%3AWires%7C&sort=plrty
'http://www.snapdeal.com/product/polycab-wire-fr-type-4/664070286957',,http://www.snapdeal.com/products/kitchen-bathroom-fittings-electrical-equipment/?q=Type_s%3AWires%7C&sort=plrty
'http://www.snapdeal.com/product/polycab-wire-fr-type-15/648097996031',,http://www.snapdeal.com/products/kitchen-bathroom-fittings-electrical-equipment/?q=Type_s%3AWires%7C&sort=plrty
'http://www.snapdeal.com/product/havells-black-90-mtr-pvc/1724191974',,http://www.snapdeal.com/products/kitchen-bathroom-fittings-electrical-equipment/?q=Type_s%3AWires%7C&sort=plrty
'http://www.snapdeal.com/product/finolex-25-sq-mm-fr/647664861348',,http://www.snapdeal.com/products/kitchen-bathroom-fittings-electrical-equipment/?q=Type_s%3AWires%7C&sort=plrty
'http://www.snapdeal.com/product/polycab-red-15sqmm-wire-red/641677320162',,http://www.snapdeal.com/products/kitchen-bathroom-fittings-electrical-equipment/?q=Type_s%3AWires%7C&sort=plrty
'http://www.snapdeal.com/product/havells-pvc-insulated-single-core/1560137547',,http://www.snapdeal.com/products/kitchen-bathroom-fittings-electrical-equipment/?q=Type_s%3AWires%7C&sort=plrty
'http://www.snapdeal.com/product/finolex-house-wire-15-sqmm/15367204',,http://www.snapdeal.com/products/kitchen-bathroom-fittings-electrical-equipment/?q=Type_s%3AWires%7C&sort=plrty
'http://www.snapdeal.com/product/finolex-house-wire-10-sqmm/1607822355',,http://www.snapdeal.com/products/kitchen-bathroom-fittings-electrical-equipment/?q=Type_s%3AWires%7C&sort=plrty
'http://www.snapdeal.com/product/superkitco-pvc-insulated-075-sq/619786616462',,http://www.snapdeal.com/products/kitchen-bathroom-fittings-electrical-equipment/?q=Type_s%3AWires%7C&sort=plrty
'http://www.snapdeal.com/product/vidhata-enterprises-white-copper-electrical/683124087703',,http://www.snapdeal.com/products/kitchen-bathroom-fittings-electrical-equipment/?q=Type_s%3AWires%7C&sort=plrty
'http://www.snapdeal.com/product/avonzz-water-tank-over-flow/687175412000',,http://www.snapdeal.com/products/kitchen-bathroom-fittings-electrical-equipment/?q=Type_s%3AWires%7C&sort=plrty
'http://www.snapdeal.com/product/prateek-cables-90m-15sqm-electric/1035164532',,http://www.snapdeal.com/products/kitchen-bathroom-fittings-electrical-equipment/?q=Type_s%3AWires%7C&sort=plrty
'http://www.snapdeal.com/product/orbit-25-sqmm-90-mtr/1102878765',,http://www.snapdeal.com/products/kitchen-bathroom-fittings-electrical-equipment/?q=Type_s%3AWires%7C&sort=plrty
'http://www.snapdeal.com/product/orbit-15-sqmm-90-mtr/1105413465',,http://www.snapdeal.com/products/kitchen-bathroom-fittings-electrical-equipment/?q=Type_s%3AWires%7C&sort=plrty
'http://www.snapdeal.com/product/finolex-green-90-mtr-pvc/1341774851',,http://www.snapdeal.com/products/kitchen-bathroom-fittings-electrical-equipment/?q=Type_s%3AWires%7C&sort=plrty
'http://www.snapdeal.com/product/havells-pvc-insulated-single-core/13507485',,http://www.snapdeal.com/products/kitchen-bathroom-fittings-electrical-equipment/?q=Type_s%3AWires%7C&sort=plrty
,,http://www.snapdeal.com/products/kitchen-bathroom-fittings-electrical-equipment/?q=Type_s%3AWires%7C&sort=plrty
,,http://www.snapdeal.com/products/kitchen-bathroom-fittings-electrical-equipment/?q=Type_s%3AWires%7C&sort=plrty
,,http://www.snapdeal.com/products/kitchen-bathroom-fittings-electrical-equipment/?q=Type_s%3AWires%7C&sort=plrty
,,http://www.snapdeal.com/products/kitchen-bathroom-fittings-electrical-equipment/?q=Type_s%3AWires%7C&sort=plrty
'http://www.snapdeal.com/product/sk-diwali-13-in-1/622728608040,,http://www.snapdeal.com/products/kitchen-bathroom-fittings-electrical-equipment/?q=Type_s%3AWires%7C&sort=plrty
'http://www.snapdeal.com/product/polycab-blue-copper-wire/622840678275,,http://www.snapdeal.com/products/kitchen-bathroom-fittings-electrical-equipment/?q=Type_s%3AWires%7C&sort=plrty
'http://www.snapdeal.com/product/vardhman-cable-co-red-yellow/623018886251,,http://www.snapdeal.com/products/kitchen-bathroom-fittings-electrical-equipment/?q=Type_s%3AWires%7C&sort=plrty
'http://www.snapdeal.com/product/kundan-cab-10-sqmm-house/623028510414,,http://www.snapdeal.com/products/kitchen-bathroom-fittings-electrical-equipment/?q=Type_s%3AWires%7C&sort=plrty
'http://www.snapdeal.com/product/greatwhite-triple-layer-securex-fire/623143294677,,http://www.snapdeal.com/products/kitchen-bathroom-fittings-electrical-equipment/?q=Type_s%3AWires%7C&sort=plrty
'http://www.snapdeal.com/product/rr-kabel-superex-fr-pvc/623995173246,,http://www.snapdeal.com/products/kitchen-bathroom-fittings-electrical-equipment/?q=Type_s%3AWires%7C&sort=plrty
'http://www.snapdeal.com/product/manglam-white-virgin-plastic-cable/624578652193,,http://www.snapdeal.com/products/kitchen-bathroom-fittings-electrical-equipment/?q=Type_s%3AWires%7C&sort=plrty
'http://www.snapdeal.com/product/kundan-blue-pvc-4mm-electrical/625963604533,,http://www.snapdeal.com/products/kitchen-bathroom-fittings-electrical-equipment/?q=Type_s%3AWires%7C&sort=plrty
'http://www.snapdeal.com/product/vardhman-cable-co-red-yellow/626547633051,,http://www.snapdeal.com/products/kitchen-bathroom-fittings-electrical-equipment/?q=Type_s%3AWires%7C&sort=plrty
'http://www.snapdeal.com/product/green-cab-red-fr-pvc/627190412339,,http://www.snapdeal.com/products/kitchen-bathroom-fittings-electrical-equipment/?q=Type_s%3AWires%7C&sort=plrty
'http://www.snapdeal.com/product/finolex-15mm-fr-house-wire/628373563780,,http://www.snapdeal.com/products/kitchen-bathroom-fittings-electrical-equipment/?q=Type_s%3AWires%7C&sort=plrty
'http://www.snapdeal.com/product/ashoka-cables-15-sq-mm/629774304442,,http://www.snapdeal.com/products/kitchen-bathroom-fittings-electrical-equipment/?q=Type_s%3AWires%7C&sort=plrty
'http://www.snapdeal.com/product/greatwhite-triple-layer-securex-fire/630358671786,,http://www.snapdeal.com/products/kitchen-bathroom-fittings-electrical-equipment/?q=Type_s%3AWires%7C&sort=plrty
'http://www.snapdeal.com/product/harson-house-wire-075-sqr/630968550289,,http://www.snapdeal.com/products/kitchen-bathroom-fittings-electrical-equipment/?q=Type_s%3AWires%7C&sort=plrty
'http://www.snapdeal.com/product/finolex-4-sq-mm-fr/631680570687,,http://www.snapdeal.com/products/kitchen-bathroom-fittings-electrical-equipment/?q=Type_s%3AWires%7C&sort=plrty
'http://www.snapdeal.com/product/geeta-electricals-green-copper-wire/632187506720,,http://www.snapdeal.com/products/kitchen-bathroom-fittings-electrical-equipment/?q=Type_s%3AWires%7C&sort=plrty
'http://www.snapdeal.com/product/kundan-yellow-pvc-1mm-electrical/632393593259,,http://www.snapdeal.com/products/kitchen-bathroom-fittings-electrical-equipment/?q=Type_s%3AWires%7C&sort=plrty
'http://www.snapdeal.com/product/finolex-cables-25-sqmm-fr/632604975524,,http://www.snapdeal.com/products/kitchen-bathroom-fittings-electrical-equipment/?q=Type_s%3AWires%7C&sort=plrty
'http://www.snapdeal.com/product/manglam-white-virgin-plastic-cable/633312016313,,http://www.snapdeal.com/products/kitchen-bathroom-fittings-electrical-equipment/?q=Type_s%3AWires%7C&sort=plrty
'http://www.snapdeal.com/product/kundan-red-pvc-25mm-electrical/634404407795,,http://www.snapdeal.com/products/kitchen-bathroom-fittings-electrical-equipment/?q=Type_s%3AWires%7C&sort=plrty
'http://www.snapdeal.com/product/rr-kabel-unilay-fr-pvc/634536356953,,http://www.snapdeal.com/products/kitchen-bathroom-fittings-electrical-equipment/?q=Type_s%3AWires%7C&sort=plrty
'http://www.snapdeal.com/product/havells-red-pvc-insulated-cable/636668431209,,http://www.snapdeal.com/products/kitchen-bathroom-fittings-electrical-equipment/?q=Type_s%3AWires%7C&sort=plrty
'http://www.snapdeal.com/product/finolex-cables-40-sqmm-fr/636833339562,,http://www.snapdeal.com/products/kitchen-bathroom-fittings-electrical-equipment/?q=Type_s%3AWires%7C&sort=plrty
'http://www.snapdeal.com/product/anchor-blue-90-meter-150mm/637492023071,,http://www.snapdeal.com/products/kitchen-bathroom-fittings-electrical-equipment/?q=Type_s%3AWires%7C&sort=plrty
'http://www.snapdeal.com/product/kundan-red-pvc-4mm-electrical/637492738989,,http://www.snapdeal.com/products/kitchen-bathroom-fittings-electrical-equipment/?q=Type_s%3AWires%7C&sort=plrty
'http://www.snapdeal.com/product/kundan-red-pvc-15mm-electrical/637652843866,,http://www.snapdeal.com/products/kitchen-bathroom-fittings-electrical-equipment/?q=Type_s%3AWires%7C&sort=plrty
'http://www.snapdeal.com/product/jayanti-associates-havells-red-pvc/638586024740,,http://www.snapdeal.com/products/kitchen-bathroom-fittings-electrical-equipment/?q=Type_s%3AWires%7C&sort=plrty
'http://www.snapdeal.com/product/rr-kabel-superex-fr-pvc/638925445780,,http://www.snapdeal.com/products/kitchen-bathroom-fittings-electrical-equipment/?q=Type_s%3AWires%7C&sort=plrty
'http://www.snapdeal.com/product/polycab-wire-fr-type-075/639978974490,,http://www.snapdeal.com/products/kitchen-bathroom-fittings-electrical-equipment/?q=Type_s%3AWires%7C&sort=plrty
'http://www.snapdeal.com/product/finolex-wires-fr-home-guard/641173583828,,http://www.snapdeal.com/products/kitchen-bathroom-fittings-electrical-equipment/?q=Type_s%3AWires%7C&sort=plrty
'http://www.snapdeal.com/product/jayanti-associates-havells-red-pvc/641836521971,,http://www.snapdeal.com/products/kitchen-bathroom-fittings-electrical-equipment/?q=Type_s%3AWires%7C&sort=plrty
'http://www.snapdeal.com/product/finolex-cables-15-sqmm-fr/641946608126,,http://www.snapdeal.com/products/kitchen-bathroom-fittings-electrical-equipment/?q=Type_s%3AWires%7C&sort=plrty
'http://www.snapdeal.com/product/finolex-cables-10-sqmm-fr/641954824862,,http://www.snapdeal.com/products/kitchen-bathroom-fittings-electrical-equipment/?q=Type_s%3AWires%7C&sort=plrty
'http://www.snapdeal.com/product/havells-red-pvc-insulated-cable/642404122173,,http://www.snapdeal.com/products/kitchen-bathroom-fittings-electrical-equipment/?q=Type_s%3AWires%7C&sort=plrty
'http://www.snapdeal.com/product/gm-modular-wire-fr-type/642748952073,,http://www.snapdeal.com/products/kitchen-bathroom-fittings-electrical-equipment/?q=Type_s%3AWires%7C&sort=plrty
'http://www.snapdeal.com/product/havells-red-pvc-insulated-cable/643545955125,,http://www.snapdeal.com/products/kitchen-bathroom-fittings-electrical-equipment/?q=Type_s%3AWires%7C&sort=plrty
'http://www.snapdeal.com/product/kundan-cab-10-sqmm-house/643608195847,,http://www.snapdeal.com/products/kitchen-bathroom-fittings-electrical-equipment/?q=Type_s%3AWires%7C&sort=plrty
'http://www.snapdeal.com/product/havells-pvc-insulated-single-core/645026432450,,http://www.snapdeal.com/products/kitchen-bathroom-fittings-electrical-equipment/?q=Type_s%3AWires%7C&sort=plrty
'http://www.snapdeal.com/product/havells-red-pvc-insulated-cable/645053868883,,http://www.snapdeal.com/products/kitchen-bathroom-fittings-electrical-equipment/?q=Type_s%3AWires%7C&sort=plrty
'http://www.snapdeal.com/product/champion-plus-15mm-copper-wire/645547652245,,http://www.snapdeal.com/products/kitchen-bathroom-fittings-electrical-equipment/?q=Type_s%3AWires%7C&sort=plrty
'http://www.snapdeal.com/product/finolex-6-sq-mm-fr/645599267021,,http://www.snapdeal.com/products/kitchen-bathroom-fittings-electrical-equipment/?q=Type_s%3AWires%7C&sort=plrty
'http://www.snapdeal.com/product/rr-kabel-superex-fr-pvc/645977004262,,http://www.snapdeal.com/products/kitchen-bathroom-fittings-electrical-equipment/?q=Type_s%3AWires%7C&sort=plrty
'http://www.snapdeal.com/product/anchor-yellow-90-meter-100/646602268066,,http://www.snapdeal.com/products/kitchen-bathroom-fittings-electrical-equipment/?q=Type_s%3AWires%7C&sort=plrty
'http://www.snapdeal.com/product/havells-pvc-insulated-single-core/647404204593,,http://www.snapdeal.com/products/kitchen-bathroom-fittings-electrical-equipment/?q=Type_s%3AWires%7C&sort=plrty
'http://www.snapdeal.com/product/polycab-black-15sqmm-wire-black/649141528566,,http://www.snapdeal.com/products/kitchen-bathroom-fittings-electrical-equipment/?q=Type_s%3AWires%7C&sort=plrty
'http://www.snapdeal.com/product/superkitco-pvc-insulated-1-sq/649786017111,,http://www.snapdeal.com/products/kitchen-bathroom-fittings-electrical-equipment/?q=Type_s%3AWires%7C&sort=plrty
'http://www.snapdeal.com/product/glomax-green-pvc-house-wire/649866280270,,http://www.snapdeal.com/products/kitchen-bathroom-fittings-electrical-equipment/?q=Type_s%3AWires%7C&sort=plrty
'http://www.snapdeal.com/product/havells-red-pvc-insulated-cable/651184495849,,http://www.snapdeal.com/products/kitchen-bathroom-fittings-electrical-equipment/?q=Type_s%3AWires%7C&sort=plrty
,,http://www.snapdeal.com/products/kitchen-bathroom-fittings-electrical-equipment/?q=Type_s%3AWires%7C&sort=plrty
,,http://www.snapdeal.com/products/kitchen-bathroom-fittings-electrical-equipment/?q=Type_s%3AWires%7C&sort=plrty
,,http://www.snapdeal.com/products/kitchen-bathroom-fittings-electrical-equipment/?q=Type_s%3AWires%7C&sort=plrty
,,http://www.snapdeal.com/products/kitchen-bathroom-fittings-electrical-equipment/?q=Type_s%3AWires%7C&sort=plrty
,,http://www.snapdeal.com/products/kitchen-bathroom-fittings-electrical-equipment/?q=Type_s%3AWires%7C&sort=plrty
,,http://www.snapdeal.com/products/kitchen-bathroom-fittings-electrical-equipment/?q=Type_s%3AWires%7C&sort=plrty
,,http://www.snapdeal.com/products/kitchen-bathroom-fittings-electrical-equipment/?q=Type_s%3AWires%7C&sort=plrty
,,http://www.snapdeal.com/products/kitchen-bathroom-fittings-electrical-equipment/?q=Type_s%3AWires%7C&sort=plrty
,,http://www.snapdeal.com/products/kitchen-bathroom-fittings-electrical-equipment/?q=Type_s%3AWires%7C&sort=plrty
,,http://www.snapdeal.com/products/kitchen-bathroom-fittings-electrical-equipment/?q=Type_s%3AWires%7C&sort=plrty
,,http://www.snapdeal.com/products/kitchen-bathroom-fittings-electrical-equipment/?q=Type_s%3AWires%7C&sort=plrty
,,http://www.snapdeal.com/products/kitchen-bathroom-fittings-electrical-equipment/?q=Type_s%3AWires%7C&sort=plrty
,,http://www.snapdeal.com/products/kitchen-bathroom-fittings-electrical-equipment/?q=Type_s%3AWires%7C&sort=plrty
,,http://www.snapdeal.com/products/kitchen-bathroom-fittings-electrical-equipment/?q=Type_s%3AWires%7C&sort=plrty
,,http://www.snapdeal.com/products/kitchen-bathroom-fittings-electrical-equipment/?q=Type_s%3AWires%7C&sort=plrty
,,http://www.snapdeal.com/products/kitchen-bathroom-fittings-electrical-equipment/?q=Type_s%3AWires%7C&sort=plrty
,,http://www.snapdeal.com/products/kitchen-bathroom-fittings-electrical-equipment/?q=Type_s%3AWires%7C&sort=plrty
,,http://www.snapdeal.com/products/kitchen-bathroom-fittings-electrical-equipment/?q=Type_s%3AWires%7C&sort=plrty
,,http://www.snapdeal.com/products/kitchen-bathroom-fittings-electrical-equipment/?q=Type_s%3AWires%7C&sort=plrty
,,http://www.snapdeal.com/products/kitchen-bathroom-fittings-electrical-equipment/?q=Type_s%3AWires%7C&sort=plrty
,,http://www.snapdeal.com/products/kitchen-bathroom-fittings-electrical-equipment/?q=Type_s%3AWires%7C&sort=plrty
,,http://www.snapdeal.com/products/kitchen-bathroom-fittings-electrical-equipment/?q=Type_s%3AWires%7C&sort=plrty
,,http://www.snapdeal.com/products/kitchen-bathroom-fittings-electrical-equipment/?q=Type_s%3AWires%7C&sort=plrty
,,http://www.snapdeal.com/products/kitchen-bathroom-fittings-electrical-equipment/?q=Type_s%3AWires%7C&sort=plrty
,,http://www.snapdeal.com/products/kitchen-bathroom-fittings-electrical-equipment/?q=Type_s%3AWires%7C&sort=plrty
,,http://www.snapdeal.com/products/kitchen-bathroom-fittings-electrical-equipment/?q=Type_s%3AWires%7C&sort=plrty
,,http://www.snapdeal.com/products/kitchen-bathroom-fittings-electrical-equipment/?q=Type_s%3AWires%7C&sort=plrty
,,http://www.snapdeal.com/products/kitchen-bathroom-fittings-electrical-equipment/?q=Type_s%3AWires%7C&sort=plrty
,,http://www.snapdeal.com/products/kitchen-bathroom-fittings-electrical-equipment/?q=Type_s%3AWires%7C&sort=plrty
,,http://www.snapdeal.com/products/kitchen-bathroom-fittings-electrical-equipment/?q=Type_s%3AWires%7C&sort=plrty
,,http://www.snapdeal.com/products/kitchen-bathroom-fittings-electrical-equipment/?q=Type_s%3AWires%7C&sort=plrty
,,http://www.snapdeal.com/products/kitchen-bathroom-fittings-electrical-equipment/?q=Type_s%3AWires%7C&sort=plrty
,,http://www.snapdeal.com/products/kitchen-bathroom-fittings-electrical-equipment/?q=Type_s%3AWires%7C&sort=plrty
,,http://www.snapdeal.com/products/kitchen-bathroom-fittings-electrical-equipment/?q=Type_s%3AWires%7C&sort=plrty
,,http://www.snapdeal.com/products/kitchen-bathroom-fittings-electrical-equipment/?q=Type_s%3AWires%7C&sort=plrty
,,http://www.snapdeal.com/products/kitchen-bathroom-fittings-electrical-equipment/?q=Type_s%3AWires%7C&sort=plrty
,,http://www.snapdeal.com/products/kitchen-bathroom-fittings-electrical-equipment/?q=Type_s%3AWires%7C&sort=plrty
,,http://www.snapdeal.com/products/kitchen-bathroom-fittings-electrical-equipment/?q=Type_s%3AWires%7C&sort=plrty
,,http://www.snapdeal.com/products/kitchen-bathroom-fittings-electrical-equipment/?q=Type_s%3AWires%7C&sort=plrty
,,http://www.snapdeal.com/products/kitchen-bathroom-fittings-electrical-equipment/?q=Type_s%3AWires%7C&sort=plrty
,,http://www.snapdeal.com/products/kitchen-bathroom-fittings-electrical-equipment/?q=Type_s%3AWires%7C&sort=plrty
,,http://www.snapdeal.com/products/kitchen-bathroom-fittings-electrical-equipment/?q=Type_s%3AWires%7C&sort=plrty
,,http://www.snapdeal.com/products/kitchen-bathroom-fittings-electrical-equipment/?q=Type_s%3AWires%7C&sort=plrty
,,http://www.snapdeal.com/products/kitchen-bathroom-fittings-electrical-equipment/?q=Type_s%3AWires%7C&sort=plrty
,,http://www.snapdeal.com/products/kitchen-bathroom-fittings-electrical-equipment/?q=Type_s%3AWires%7C&sort=plrty
,,http://www.snapdeal.com/products/kitchen-bathroom-fittings-electrical-equipment/?q=Type_s%3AWires%7C&sort=plrty
,,http://www.snapdeal.com/products/kitchen-bathroom-fittings-electrical-equipment/?q=Type_s%3AWires%7C&sort=plrty
,,http://www.snapdeal.com/products/kitchen-bathroom-fittings-electrical-equipment/?q=Type_s%3AWires%7C&sort=plrty
,,http://www.snapdeal.com/products/kitchen-bathroom-fittings-electrical-equipment/?q=Type_s%3AWires%7C&sort=plrty
,,http://www.snapdeal.com/products/kitchen-bathroom-fittings-electrical-equipment/?q=Type_s%3AWires%7C&sort=plrty
,,http://www.snapdeal.com/products/kitchen-bathroom-fittings-electrical-equipment/?q=Type_s%3AWires%7C&sort=plrty
,,http://www.snapdeal.com/products/kitchen-bathroom-fittings-electrical-equipment/?q=Type_s%3AWires%7C&sort=plrty
,,http://www.snapdeal.com/products/kitchen-bathroom-fittings-electrical-equipment/?q=Type_s%3AWires%7C&sort=plrty
,,http://www.snapdeal.com/products/kitchen-bathroom-fittings-electrical-equipment/?q=Type_s%3AWires%7C&sort=plrty
,,http://www.snapdeal.com/products/kitchen-bathroom-fittings-electrical-equipment/?q=Type_s%3AWires%7C&sort=plrty
,,http://www.snapdeal.com/products/kitchen-bathroom-fittings-electrical-equipment/?q=Type_s%3AWires%7C&sort=plrty
,,http://www.snapdeal.com/products/kitchen-bathroom-fittings-electrical-equipment/?q=Type_s%3AWires%7C&sort=plrty
,,http://www.snapdeal.com/products/kitchen-bathroom-fittings-electrical-equipment/?q=Type_s%3AWires%7C&sort=plrty
,,http://www.snapdeal.com/products/kitchen-bathroom-fittings-electrical-equipment/?q=Type_s%3AWires%7C&sort=plrty
,,http://www.snapdeal.com/products/kitchen-bathroom-fittings-electrical-equipment/?q=Type_s%3AWires%7C&sort=plrty
,,http://www.snapdeal.com/products/kitchen-bathroom-fittings-electrical-equipment/?q=Type_s%3AWires%7C&sort=plrty
,,http://www.snapdeal.com/products/kitchen-bathroom-fittings-electrical-equipment/?q=Type_s%3AWires%7C&sort=plrty
,,http://www.snapdeal.com/products/kitchen-bathroom-fittings-electrical-equipment/?q=Type_s%3AWires%7C&sort=plrty
,,http://www.snapdeal.com/products/kitchen-bathroom-fittings-electrical-equipment/?q=Type_s%3AWires%7C&sort=plrty
,,http://www.snapdeal.com/products/kitchen-bathroom-fittings-electrical-equipment/?q=Type_s%3AWires%7C&sort=plrty
,,http://www.snapdeal.com/products/kitchen-bathroom-fittings-electrical-equipment/?q=Type_s%3AWires%7C&sort=plrty
,,http://www.snapdeal.com/products/kitchen-bathroom-fittings-electrical-equipment/?q=Type_s%3AWires%7C&sort=plrty
,,http://www.snapdeal.com/products/kitchen-bathroom-fittings-electrical-equipment/?q=Type_s%3AWires%7C&sort=plrty
,,http://www.snapdeal.com/products/kitchen-bathroom-fittings-electrical-equipment/?q=Type_s%3AWires%7C&sort=plrty
,,http://www.snapdeal.com/products/kitchen-bathroom-fittings-electrical-equipment/?q=Type_s%3AWires%7C&sort=plrty
,,http://www.snapdeal.com/products/kitchen-bathroom-fittings-electrical-equipment/?q=Type_s%3AWires%7C&sort=plrty
,,http://www.snapdeal.com/products/kitchen-bathroom-fittings-electrical-equipment/?q=Type_s%3AWires%7C&sort=plrty
,,http://www.snapdeal.com/products/kitchen-bathroom-fittings-electrical-equipment/?q=Type_s%3AWires%7C&sort=plrty
,,http://www.snapdeal.com/products/kitchen-bathroom-fittings-electrical-equipment/?q=Type_s%3AWires%7C&sort=plrty
,,http://www.snapdeal.com/products/kitchen-bathroom-fittings-electrical-equipment/?q=Type_s%3AWires%7C&sort=plrty
,,http://www.snapdeal.com/products/kitchen-bathroom-fittings-electrical-equipment/?q=Type_s%3AWires%7C&sort=plrty
,,http://www.snapdeal.com/products/kitchen-bathroom-fittings-electrical-equipment/?q=Type_s%3AWires%7C&sort=plrty
,,http://www.snapdeal.com/products/kitchen-bathroom-fittings-electrical-equipment/?q=Type_s%3AWires%7C&sort=plrty
,,http://www.snapdeal.com/products/kitchen-bathroom-fittings-electrical-equipment/?q=Type_s%3AWires%7C&sort=plrty
,,http://www.snapdeal.com/products/kitchen-bathroom-fittings-electrical-equipment/?q=Type_s%3AWires%7C&sort=plrty
,,http://www.snapdeal.com/products/kitchen-bathroom-fittings-electrical-equipment/?q=Type_s%3AWires%7C&sort=plrty
,,http://www.snapdeal.com/products/kitchen-bathroom-fittings-electrical-equipment/?q=Type_s%3AWires%7C&sort=plrty
,,http://www.snapdeal.com/products/kitchen-bathroom-fittings-electrical-equipment/?q=Type_s%3AWires%7C&sort=plrty
,,http://www.snapdeal.com/products/kitchen-bathroom-fittings-electrical-equipment/?q=Type_s%3AWires%7C&sort=plrty
,,http://www.snapdeal.com/products/kitchen-bathroom-fittings-electrical-equipment/?q=Type_s%3AWires%7C&sort=plrty
,,http://www.snapdeal.com/products/kitchen-bathroom-fittings-electrical-equipment/?q=Type_s%3AWires%7C&sort=plrty
,,http://www.snapdeal.com/products/kitchen-bathroom-fittings-electrical-equipment/?q=Type_s%3AWires%7C&sort=plrty
,,http://www.snapdeal.com/products/kitchen-bathroom-fittings-electrical-equipment/?q=Type_s%3AWires%7C&sort=plrty
,,http://www.snapdeal.com/products/kitchen-bathroom-fittings-electrical-equipment/?q=Type_s%3AWires%7C&sort=plrty
,,http://www.snapdeal.com/products/kitchen-bathroom-fittings-electrical-equipment/?q=Type_s%3AWires%7C&sort=plrty
,,http://www.snapdeal.com/products/kitchen-bathroom-fittings-electrical-equipment/?q=Type_s%3AWires%7C&sort=plrty
,,http://www.snapdeal.com/products/kitchen-bathroom-fittings-electrical-equipment/?q=Type_s%3AWires%7C&sort=plrty
,,http://www.snapdeal.com/products/kitchen-bathroom-fittings-electrical-equipment/?q=Type_s%3AWires%7C&sort=plrty
,,http://www.snapdeal.com/products/kitchen-bathroom-fittings-electrical-equipment/?q=Type_s%3AWires%7C&sort=plrty
,,http://www.snapdeal.com/products/kitchen-bathroom-fittings-electrical-equipment/?q=Type_s%3AWires%7C&sort=plrty
,,http://www.snapdeal.com/products/kitchen-bathroom-fittings-electrical-equipment/?q=Type_s%3AWires%7C&sort=plrty
,,http://www.snapdeal.com/products/kitchen-bathroom-fittings-electrical-equipment/?q=Type_s%3AWires%7C&sort=plrty
,,http://www.snapdeal.com/products/kitchen-bathroom-fittings-electrical-equipment/?q=Type_s%3AWires%7C&sort=plrty
,,http://www.snapdeal.com/products/kitchen-bathroom-fittings-electrical-equipment/?q=Type_s%3AWires%7C&sort=plrty
,,http://www.snapdeal.com/products/kitchen-bathroom-fittings-electrical-equipment/?q=Type_s%3AWires%7C&sort=plrty
,,http://www.snapdeal.com/products/kitchen-bathroom-fittings-electrical-equipment/?q=Type_s%3AWires%7C&sort=plrty
,,http://www.snapdeal.com/products/kitchen-bathroom-fittings-electrical-equipment/?q=Type_s%3AWires%7C&sort=plrty
,,http://www.snapdeal.com/products/kitchen-bathroom-fittings-electrical-equipment/?q=Type_s%3AWires%7C&sort=plrty
,,http://www.snapdeal.com/products/kitchen-bathroom-fittings-electrical-equipment/?q=Type_s%3AWires%7C&sort=plrty
,,http://www.snapdeal.com/products/kitchen-bathroom-fittings-electrical-equipment/?q=Type_s%3AWires%7C&sort=plrty
,,http://www.snapdeal.com/products/kitchen-bathroom-fittings-electrical-equipment/?q=Type_s%3AWires%7C&sort=plrty
,,http://www.snapdeal.com/products/kitchen-bathroom-fittings-electrical-equipment/?q=Type_s%3AWires%7C&sort=plrty
,,http://www.snapdeal.com/products/kitchen-bathroom-fittings-electrical-equipment/?q=Type_s%3AWires%7C&sort=plrty
,,http://www.snapdeal.com/products/kitchen-bathroom-fittings-electrical-equipment/?q=Type_s%3AWires%7C&sort=plrty
,,http://www.snapdeal.com/products/kitchen-bathroom-fittings-electrical-equipment/?q=Type_s%3AWires%7C&sort=plrty
,,http://www.snapdeal.com/products/kitchen-bathroom-fittings-electrical-equipment/?q=Type_s%3AWires%7C&sort=plrty
,,http://www.snapdeal.com/products/kitchen-bathroom-fittings-electrical-equipment/?q=Type_s%3AWires%7C&sort=plrty
,,http://www.snapdeal.com/products/kitchen-bathroom-fittings-electrical-equipment/?q=Type_s%3AWires%7C&sort=plrty
,,http://www.snapdeal.com/products/kitchen-bathroom-fittings-electrical-equipment/?q=Type_s%3AWires%7C&sort=plrty
,,http://www.snapdeal.com/products/kitchen-bathroom-fittings-electrical-equipment/?q=Type_s%3AWires%7C&sort=plrty
